commentor,content,rating,shop_name,shop_url,shop_rating,shop_n_comments,updated_at
Ân Ân,Ngon,10,Thành Mập - Chân Gà Rút Xương Ngâm Sả Tắc - Âu Cơ,https://www.foody.vn/ho-chi-minh/thanh-map-chan-ga-rut-xuong-ngam-sa-tac,9.7,185,2022-03-11 10:45:07
Ân Ân,Ngon,10,Thành Mập - Chân Gà Rút Xương Ngâm Sả Tắc - Âu Cơ,https://www.foody.vn/ho-chi-minh/thanh-map-chan-ga-rut-xuong-ngam-sa-tac,9.7,185,2022-03-11 10:45:07
Ân Ân,Ngon,10,Thành Mập - Chân Gà Rút Xương Ngâm Sả Tắc - Âu Cơ,https://www.foody.vn/ho-chi-minh/thanh-map-chan-ga-rut-xuong-ngam-sa-tac,9.7,185,2022-03-11 10:45:07
Ân Ân,Ngon,10,Thành Mập - Chân Gà Rút Xương Ngâm Sả Tắc - Âu Cơ,https://www.foody.vn/ho-chi-minh/thanh-map-chan-ga-rut-xuong-ngam-sa-tac,9.7,185,2022-03-11 10:45:07
Ân Ân,Ngon,10,Thành Mập - Chân Gà Rút Xương Ngâm Sả Tắc - Âu Cơ,https://www.foody.vn/ho-chi-minh/thanh-map-chan-ga-rut-xuong-ngam-sa-tac,9.7,185,2022-03-11 10:45:07
Ân Ân,Ngon,10,Thành Mập - Chân Gà Rút Xương Ngâm Sả Tắc - Âu Cơ,https://www.foody.vn/ho-chi-minh/thanh-map-chan-ga-rut-xuong-ngam-sa-tac,9.7,185,2022-03-11 10:45:08
Ân Ân,Ngon,10,Thành Mập - Chân Gà Rút Xương Ngâm Sả Tắc - Âu Cơ,https://www.foody.vn/ho-chi-minh/thanh-map-chan-ga-rut-xuong-ngam-sa-tac,9.7,185,2022-03-11 10:45:08
Ân Ân,Ngon,10,Thành Mập - Chân Gà Rút Xương Ngâm Sả Tắc - Âu Cơ,https://www.foody.vn/ho-chi-minh/thanh-map-chan-ga-rut-xuong-ngam-sa-tac,9.7,185,2022-03-11 10:45:08
Ân Ân,Ngon,10,Thành Mập - Chân Gà Rút Xương Ngâm Sả Tắc - Âu Cơ,https://www.foody.vn/ho-chi-minh/thanh-map-chan-ga-rut-xuong-ngam-sa-tac,9.7,185,2022-03-11 10:45:08
Ân Ân,Ngon,10,Thành Mập - Chân Gà Rút Xương Ngâm Sả Tắc - Âu Cơ,https://www.foody.vn/ho-chi-minh/thanh-map-chan-ga-rut-xuong-ngam-sa-tac,9.7,185,2022-03-11 10:45:08
Ân Ân,Ngon,10,Thành Mập - Chân Gà Rút Xương Ngâm Sả Tắc - Âu Cơ,https://www.foody.vn/ho-chi-minh/thanh-map-chan-ga-rut-xuong-ngam-sa-tac,9.7,185,2022-03-11 10:45:08
Ân Ân,Ngon,10,Thành Mập - Chân Gà Rút Xương Ngâm Sả Tắc - Âu Cơ,https://www.foody.vn/ho-chi-minh/thanh-map-chan-ga-rut-xuong-ngam-sa-tac,9.7,185,2022-03-11 10:45:08
Ân Ân,Ngon,10,Thành Mập - Chân Gà Rút Xương Ngâm Sả Tắc - Âu Cơ,https://www.foody.vn/ho-chi-minh/thanh-map-chan-ga-rut-xuong-ngam-sa-tac,9.7,185,2022-03-11 10:45:08
Ân Ân,Ngon,10,Thành Mập - Chân Gà Rút Xương Ngâm Sả Tắc - Âu Cơ,https://www.foody.vn/ho-chi-minh/thanh-map-chan-ga-rut-xuong-ngam-sa-tac,9.7,185,2022-03-11 10:45:08
Ân Ân,Ngon,10,Thành Mập - Chân Gà Rút Xương Ngâm Sả Tắc - Âu Cơ,https://www.foody.vn/ho-chi-minh/thanh-map-chan-ga-rut-xuong-ngam-sa-tac,9.7,185,2022-03-11 10:45:08
Ân Ân,Ngon,10,Thành Mập - Chân Gà Rút Xương Ngâm Sả Tắc - Âu Cơ,https://www.foody.vn/ho-chi-minh/thanh-map-chan-ga-rut-xuong-ngam-sa-tac,9.7,185,2022-03-11 10:45:08
Ân Ân,Ngon,10,Thành Mập - Chân Gà Rút Xương Ngâm Sả Tắc - Âu Cơ,https://www.foody.vn/ho-chi-minh/thanh-map-chan-ga-rut-xuong-ngam-sa-tac,9.7,185,2022-03-11 10:45:08
Ân Ân,Ngon,10,Thành Mập - Chân Gà Rút Xương Ngâm Sả Tắc - Âu Cơ,https://www.foody.vn/ho-chi-minh/thanh-map-chan-ga-rut-xuong-ngam-sa-tac,9.7,185,2022-03-11 10:45:08
Ân Ân,Ngon,10,Thành Mập - Chân Gà Rút Xương Ngâm Sả Tắc - Âu Cơ,https://www.foody.vn/ho-chi-minh/thanh-map-chan-ga-rut-xuong-ngam-sa-tac,9.7,185,2022-03-11 10:45:08
Ân Ân,Ngon,10,Thành Mập - Chân Gà Rút Xương Ngâm Sả Tắc - Âu Cơ,https://www.foody.vn/ho-chi-minh/thanh-map-chan-ga-rut-xuong-ngam-sa-tac,9.7,185,2022-03-11 10:45:08
Ân Ân,Ngon,10,Thành Mập - Chân Gà Rút Xương Ngâm Sả Tắc - Âu Cơ,https://www.foody.vn/ho-chi-minh/thanh-map-chan-ga-rut-xuong-ngam-sa-tac,9.7,185,2022-03-11 10:45:08
Ân Ân,Ngon,10,Thành Mập - Chân Gà Rút Xương Ngâm Sả Tắc - Âu Cơ,https://www.foody.vn/ho-chi-minh/thanh-map-chan-ga-rut-xuong-ngam-sa-tac,9.7,185,2022-03-11 10:45:08
Ân Ân,Ngon,10,Thành Mập - Chân Gà Rút Xương Ngâm Sả Tắc - Âu Cơ,https://www.foody.vn/ho-chi-minh/thanh-map-chan-ga-rut-xuong-ngam-sa-tac,9.7,185,2022-03-11 10:45:08
Ân Ân,Ngon,10,Thành Mập - Chân Gà Rút Xương Ngâm Sả Tắc - Âu Cơ,https://www.foody.vn/ho-chi-minh/thanh-map-chan-ga-rut-xuong-ngam-sa-tac,9.7,185,2022-03-11 10:45:08
Ân Ân,Ngon,10,Thành Mập - Chân Gà Rút Xương Ngâm Sả Tắc - Âu Cơ,https://www.foody.vn/ho-chi-minh/thanh-map-chan-ga-rut-xuong-ngam-sa-tac,9.7,185,2022-03-11 10:45:08
Ân Ân,Ngon,10,Thành Mập - Chân Gà Rút Xương Ngâm Sả Tắc - Âu Cơ,https://www.foody.vn/ho-chi-minh/thanh-map-chan-ga-rut-xuong-ngam-sa-tac,9.7,185,2022-03-11 10:45:08
Ân Ân,Ngon,10,Thành Mập - Chân Gà Rút Xương Ngâm Sả Tắc - Âu Cơ,https://www.foody.vn/ho-chi-minh/thanh-map-chan-ga-rut-xuong-ngam-sa-tac,9.7,185,2022-03-11 10:45:08
Ân Ân,Ngon,10,Thành Mập - Chân Gà Rút Xương Ngâm Sả Tắc - Âu Cơ,https://www.foody.vn/ho-chi-minh/thanh-map-chan-ga-rut-xuong-ngam-sa-tac,9.7,185,2022-03-11 10:45:08
Ân Ân,Ngon,10,Thành Mập - Chân Gà Rút Xương Ngâm Sả Tắc - Âu Cơ,https://www.foody.vn/ho-chi-minh/thanh-map-chan-ga-rut-xuong-ngam-sa-tac,9.7,185,2022-03-11 10:45:08
Ân Ân,Ngon,10,Thành Mập - Chân Gà Rút Xương Ngâm Sả Tắc - Âu Cơ,https://www.foody.vn/ho-chi-minh/thanh-map-chan-ga-rut-xuong-ngam-sa-tac,9.7,185,2022-03-11 10:45:08
Ân Ân,Ngon,10,Thành Mập - Chân Gà Rút Xương Ngâm Sả Tắc - Âu Cơ,https://www.foody.vn/ho-chi-minh/thanh-map-chan-ga-rut-xuong-ngam-sa-tac,9.7,185,2022-03-11 10:45:08
Ân Ân,Ngon,10,Thành Mập - Chân Gà Rút Xương Ngâm Sả Tắc - Âu Cơ,https://www.foody.vn/ho-chi-minh/thanh-map-chan-ga-rut-xuong-ngam-sa-tac,9.7,185,2022-03-11 10:45:08
Ân Ân,Ngon,10,Thành Mập - Chân Gà Rút Xương Ngâm Sả Tắc - Âu Cơ,https://www.foody.vn/ho-chi-minh/thanh-map-chan-ga-rut-xuong-ngam-sa-tac,9.7,185,2022-03-11 10:45:09
Ân Ân,Ngon,10,Thành Mập - Chân Gà Rút Xương Ngâm Sả Tắc - Âu Cơ,https://www.foody.vn/ho-chi-minh/thanh-map-chan-ga-rut-xuong-ngam-sa-tac,9.7,185,2022-03-11 10:45:09
Ân Ân,Ngon,10,Thành Mập - Chân Gà Rút Xương Ngâm Sả Tắc - Âu Cơ,https://www.foody.vn/ho-chi-minh/thanh-map-chan-ga-rut-xuong-ngam-sa-tac,9.7,185,2022-03-11 10:45:09
Ân Ân,Ngon,10,Thành Mập - Chân Gà Rút Xương Ngâm Sả Tắc - Âu Cơ,https://www.foody.vn/ho-chi-minh/thanh-map-chan-ga-rut-xuong-ngam-sa-tac,9.7,185,2022-03-11 10:45:09
Ân Ân,Ngon,10,Thành Mập - Chân Gà Rút Xương Ngâm Sả Tắc - Âu Cơ,https://www.foody.vn/ho-chi-minh/thanh-map-chan-ga-rut-xuong-ngam-sa-tac,9.7,185,2022-03-11 10:45:09
Ân Ân,Ngon,10,Thành Mập - Chân Gà Rút Xương Ngâm Sả Tắc - Âu Cơ,https://www.foody.vn/ho-chi-minh/thanh-map-chan-ga-rut-xuong-ngam-sa-tac,9.7,185,2022-03-11 10:45:09
Ân Ân,Ngon,10,Thành Mập - Chân Gà Rút Xương Ngâm Sả Tắc - Âu Cơ,https://www.foody.vn/ho-chi-minh/thanh-map-chan-ga-rut-xuong-ngam-sa-tac,9.7,185,2022-03-11 10:45:09
Ân Ân,Ngon,10,Thành Mập - Chân Gà Rút Xương Ngâm Sả Tắc - Âu Cơ,https://www.foody.vn/ho-chi-minh/thanh-map-chan-ga-rut-xuong-ngam-sa-tac,9.7,185,2022-03-11 10:45:09
Ân Ân,Ngon,10,Thành Mập - Chân Gà Rút Xương Ngâm Sả Tắc - Âu Cơ,https://www.foody.vn/ho-chi-minh/thanh-map-chan-ga-rut-xuong-ngam-sa-tac,9.7,185,2022-03-11 10:45:09
Ân Ân,Ngon,10,Thành Mập - Chân Gà Rút Xương Ngâm Sả Tắc - Âu Cơ,https://www.foody.vn/ho-chi-minh/thanh-map-chan-ga-rut-xuong-ngam-sa-tac,9.7,185,2022-03-11 10:45:09
Ân Ân,Ngon,10,Thành Mập - Chân Gà Rút Xương Ngâm Sả Tắc - Âu Cơ,https://www.foody.vn/ho-chi-minh/thanh-map-chan-ga-rut-xuong-ngam-sa-tac,9.7,185,2022-03-11 10:45:09
Ân Ân,Ngon,10,Thành Mập - Chân Gà Rút Xương Ngâm Sả Tắc - Âu Cơ,https://www.foody.vn/ho-chi-minh/thanh-map-chan-ga-rut-xuong-ngam-sa-tac,9.7,185,2022-03-11 10:45:09
Ân Ân,Ngon,10,Thành Mập - Chân Gà Rút Xương Ngâm Sả Tắc - Âu Cơ,https://www.foody.vn/ho-chi-minh/thanh-map-chan-ga-rut-xuong-ngam-sa-tac,9.7,185,2022-03-11 10:45:09
Ân Ân,Ngon,10,Thành Mập - Chân Gà Rút Xương Ngâm Sả Tắc - Âu Cơ,https://www.foody.vn/ho-chi-minh/thanh-map-chan-ga-rut-xuong-ngam-sa-tac,9.7,185,2022-03-11 10:45:09
Ân Ân,Ngon,10,Thành Mập - Chân Gà Rút Xương Ngâm Sả Tắc - Âu Cơ,https://www.foody.vn/ho-chi-minh/thanh-map-chan-ga-rut-xuong-ngam-sa-tac,9.7,185,2022-03-11 10:45:09
Ân Ân,Ngon,10,Thành Mập - Chân Gà Rút Xương Ngâm Sả Tắc - Âu Cơ,https://www.foody.vn/ho-chi-minh/thanh-map-chan-ga-rut-xuong-ngam-sa-tac,9.7,185,2022-03-11 10:45:09
Ân Ân,Ngon,10,Thành Mập - Chân Gà Rút Xương Ngâm Sả Tắc - Âu Cơ,https://www.foody.vn/ho-chi-minh/thanh-map-chan-ga-rut-xuong-ngam-sa-tac,9.7,185,2022-03-11 10:45:09
Ân Ân,Ngon,10,Thành Mập - Chân Gà Rút Xương Ngâm Sả Tắc - Âu Cơ,https://www.foody.vn/ho-chi-minh/thanh-map-chan-ga-rut-xuong-ngam-sa-tac,9.7,185,2022-03-11 10:45:09
Ân Ân,Ngon,10,Thành Mập - Chân Gà Rút Xương Ngâm Sả Tắc - Âu Cơ,https://www.foody.vn/ho-chi-minh/thanh-map-chan-ga-rut-xuong-ngam-sa-tac,9.7,185,2022-03-11 10:45:10
Ân Ân,Ngon,10,Thành Mập - Chân Gà Rút Xương Ngâm Sả Tắc - Âu Cơ,https://www.foody.vn/ho-chi-minh/thanh-map-chan-ga-rut-xuong-ngam-sa-tac,9.7,185,2022-03-11 10:45:10
Ân Ân,Ngon,10,Thành Mập - Chân Gà Rút Xương Ngâm Sả Tắc - Âu Cơ,https://www.foody.vn/ho-chi-minh/thanh-map-chan-ga-rut-xuong-ngam-sa-tac,9.7,185,2022-03-11 10:45:10
Ân Ân,Ngon,10,Thành Mập - Chân Gà Rút Xương Ngâm Sả Tắc - Âu Cơ,https://www.foody.vn/ho-chi-minh/thanh-map-chan-ga-rut-xuong-ngam-sa-tac,9.7,185,2022-03-11 10:45:10
Ân Ân,Ngon,10,Thành Mập - Chân Gà Rút Xương Ngâm Sả Tắc - Âu Cơ,https://www.foody.vn/ho-chi-minh/thanh-map-chan-ga-rut-xuong-ngam-sa-tac,9.7,185,2022-03-11 10:45:10
Ân Ân,Ngon,10,Thành Mập - Chân Gà Rút Xương Ngâm Sả Tắc - Âu Cơ,https://www.foody.vn/ho-chi-minh/thanh-map-chan-ga-rut-xuong-ngam-sa-tac,9.7,185,2022-03-11 10:45:10
Ân Ân,Ngon,10,Thành Mập - Chân Gà Rút Xương Ngâm Sả Tắc - Âu Cơ,https://www.foody.vn/ho-chi-minh/thanh-map-chan-ga-rut-xuong-ngam-sa-tac,9.7,185,2022-03-11 10:45:10
Ân Ân,Ngon,10,Thành Mập - Chân Gà Rút Xương Ngâm Sả Tắc - Âu Cơ,https://www.foody.vn/ho-chi-minh/thanh-map-chan-ga-rut-xuong-ngam-sa-tac,9.7,185,2022-03-11 10:45:10
Ân Ân,Ngon,10,Thành Mập - Chân Gà Rút Xương Ngâm Sả Tắc - Âu Cơ,https://www.foody.vn/ho-chi-minh/thanh-map-chan-ga-rut-xuong-ngam-sa-tac,9.7,185,2022-03-11 10:45:10
Ân Ân,Ngon,10,Thành Mập - Chân Gà Rút Xương Ngâm Sả Tắc - Âu Cơ,https://www.foody.vn/ho-chi-minh/thanh-map-chan-ga-rut-xuong-ngam-sa-tac,9.7,185,2022-03-11 10:45:10
Ân Ân,Ngon,10,Thành Mập - Chân Gà Rút Xương Ngâm Sả Tắc - Âu Cơ,https://www.foody.vn/ho-chi-minh/thanh-map-chan-ga-rut-xuong-ngam-sa-tac,9.7,185,2022-03-11 10:45:10
Ân Ân,Ngon,10,Thành Mập - Chân Gà Rút Xương Ngâm Sả Tắc - Âu Cơ,https://www.foody.vn/ho-chi-minh/thanh-map-chan-ga-rut-xuong-ngam-sa-tac,9.7,185,2022-03-11 10:45:10
Ân Ân,Ngon,10,Thành Mập - Chân Gà Rút Xương Ngâm Sả Tắc - Âu Cơ,https://www.foody.vn/ho-chi-minh/thanh-map-chan-ga-rut-xuong-ngam-sa-tac,9.7,185,2022-03-11 10:45:10
San San Nguyễn,Tôi đang thuê rất nhiều nhân viên bán thời gian. Chỉ cần sử dụng điện thoại di động để làm việc 20 phút mỗi ngày.Nó có thể được thực hiện ở nhà. Lương được quyết toán ngay trong ngày.Sẽ không ảnh hưởng đến công việc ban đầu của bạn.Bạn có thể nhận được 6 triệu đồng mỗi tháng.Bạn có cần công việc bán thời gian này không? + ZALO: 0584003097,10,Thành Mập - Chân Gà Rút Xương Ngâm Sả Tắc - Âu Cơ,https://www.foody.vn/ho-chi-minh/thanh-map-chan-ga-rut-xuong-ngam-sa-tac,9.7,185,2022-03-11 10:45:10
Ân Ân,Ngon,10,Thành Mập - Chân Gà Rút Xương Ngâm Sả Tắc - Âu Cơ,https://www.foody.vn/ho-chi-minh/thanh-map-chan-ga-rut-xuong-ngam-sa-tac,9.7,185,2022-03-11 10:45:10
Ân Ân,Ngon,10,Thành Mập - Chân Gà Rút Xương Ngâm Sả Tắc - Âu Cơ,https://www.foody.vn/ho-chi-minh/thanh-map-chan-ga-rut-xuong-ngam-sa-tac,9.7,185,2022-03-11 10:45:10
Ân Ân,Ngon,10,Thành Mập - Chân Gà Rút Xương Ngâm Sả Tắc - Âu Cơ,https://www.foody.vn/ho-chi-minh/thanh-map-chan-ga-rut-xuong-ngam-sa-tac,9.7,185,2022-03-11 10:45:10
Ân Ân,Ngon,10,Thành Mập - Chân Gà Rút Xương Ngâm Sả Tắc - Âu Cơ,https://www.foody.vn/ho-chi-minh/thanh-map-chan-ga-rut-xuong-ngam-sa-tac,9.7,185,2022-03-11 10:45:10
Ân Ân,Ngon,10,Thành Mập - Chân Gà Rút Xương Ngâm Sả Tắc - Âu Cơ,https://www.foody.vn/ho-chi-minh/thanh-map-chan-ga-rut-xuong-ngam-sa-tac,9.7,185,2022-03-11 10:45:10
Ân Ân,Ngon,10,Thành Mập - Chân Gà Rút Xương Ngâm Sả Tắc - Âu Cơ,https://www.foody.vn/ho-chi-minh/thanh-map-chan-ga-rut-xuong-ngam-sa-tac,9.7,185,2022-03-11 10:45:10
Ân Ân,Ngon,10,Thành Mập - Chân Gà Rút Xương Ngâm Sả Tắc - Âu Cơ,https://www.foody.vn/ho-chi-minh/thanh-map-chan-ga-rut-xuong-ngam-sa-tac,9.7,185,2022-03-11 10:45:10
Ân Ân,Ngon,10,Thành Mập - Chân Gà Rút Xương Ngâm Sả Tắc - Âu Cơ,https://www.foody.vn/ho-chi-minh/thanh-map-chan-ga-rut-xuong-ngam-sa-tac,9.7,185,2022-03-11 10:45:10
Ân Ân,Ngon,10,Thành Mập - Chân Gà Rút Xương Ngâm Sả Tắc - Âu Cơ,https://www.foody.vn/ho-chi-minh/thanh-map-chan-ga-rut-xuong-ngam-sa-tac,9.7,185,2022-03-11 10:45:10
Ân Ân,Ngon,10,Thành Mập - Chân Gà Rút Xương Ngâm Sả Tắc - Âu Cơ,https://www.foody.vn/ho-chi-minh/thanh-map-chan-ga-rut-xuong-ngam-sa-tac,9.7,185,2022-03-11 10:45:10
Ân Ân,Ngon,10,Thành Mập - Chân Gà Rút Xương Ngâm Sả Tắc - Âu Cơ,https://www.foody.vn/ho-chi-minh/thanh-map-chan-ga-rut-xuong-ngam-sa-tac,9.7,185,2022-03-11 10:45:10
Ân Ân,Ngon,10,Thành Mập - Chân Gà Rút Xương Ngâm Sả Tắc - Âu Cơ,https://www.foody.vn/ho-chi-minh/thanh-map-chan-ga-rut-xuong-ngam-sa-tac,9.7,185,2022-03-11 10:45:10
Ân Ân,Ngon,10,Thành Mập - Chân Gà Rút Xương Ngâm Sả Tắc - Âu Cơ,https://www.foody.vn/ho-chi-minh/thanh-map-chan-ga-rut-xuong-ngam-sa-tac,9.7,185,2022-03-11 10:45:10
Ân Ân,Ngon,10,Thành Mập - Chân Gà Rút Xương Ngâm Sả Tắc - Âu Cơ,https://www.foody.vn/ho-chi-minh/thanh-map-chan-ga-rut-xuong-ngam-sa-tac,9.7,185,2022-03-11 10:45:10
Ân Ân,Ngon,10,Thành Mập - Chân Gà Rút Xương Ngâm Sả Tắc - Âu Cơ,https://www.foody.vn/ho-chi-minh/thanh-map-chan-ga-rut-xuong-ngam-sa-tac,9.7,185,2022-03-11 10:45:10
Ân Ân,Ngon,10,Thành Mập - Chân Gà Rút Xương Ngâm Sả Tắc - Âu Cơ,https://www.foody.vn/ho-chi-minh/thanh-map-chan-ga-rut-xuong-ngam-sa-tac,9.7,185,2022-03-11 10:45:10
Ân Ân,Ngon,10,Thành Mập - Chân Gà Rút Xương Ngâm Sả Tắc - Âu Cơ,https://www.foody.vn/ho-chi-minh/thanh-map-chan-ga-rut-xuong-ngam-sa-tac,9.7,185,2022-03-11 10:45:11
Ân Ân,Ngon,10,Thành Mập - Chân Gà Rút Xương Ngâm Sả Tắc - Âu Cơ,https://www.foody.vn/ho-chi-minh/thanh-map-chan-ga-rut-xuong-ngam-sa-tac,9.7,185,2022-03-11 10:45:11
Ân Ân,Ngon,10,Thành Mập - Chân Gà Rút Xương Ngâm Sả Tắc - Âu Cơ,https://www.foody.vn/ho-chi-minh/thanh-map-chan-ga-rut-xuong-ngam-sa-tac,9.7,185,2022-03-11 10:45:11
Ân Ân,Ngon,10,Thành Mập - Chân Gà Rút Xương Ngâm Sả Tắc - Âu Cơ,https://www.foody.vn/ho-chi-minh/thanh-map-chan-ga-rut-xuong-ngam-sa-tac,9.7,185,2022-03-11 10:45:11
Ân Ân,Ngon,10,Thành Mập - Chân Gà Rút Xương Ngâm Sả Tắc - Âu Cơ,https://www.foody.vn/ho-chi-minh/thanh-map-chan-ga-rut-xuong-ngam-sa-tac,9.7,185,2022-03-11 10:45:11
Ân Ân,Ngon,10,Thành Mập - Chân Gà Rút Xương Ngâm Sả Tắc - Âu Cơ,https://www.foody.vn/ho-chi-minh/thanh-map-chan-ga-rut-xuong-ngam-sa-tac,9.7,185,2022-03-11 10:45:11
Ân Ân,Ngon,10,Thành Mập - Chân Gà Rút Xương Ngâm Sả Tắc - Âu Cơ,https://www.foody.vn/ho-chi-minh/thanh-map-chan-ga-rut-xuong-ngam-sa-tac,9.7,185,2022-03-11 10:45:11
Ân Ân,Ngon,10,Thành Mập - Chân Gà Rút Xương Ngâm Sả Tắc - Âu Cơ,https://www.foody.vn/ho-chi-minh/thanh-map-chan-ga-rut-xuong-ngam-sa-tac,9.7,185,2022-03-11 10:45:11
Ân Ân,Ngon,10,Thành Mập - Chân Gà Rút Xương Ngâm Sả Tắc - Âu Cơ,https://www.foody.vn/ho-chi-minh/thanh-map-chan-ga-rut-xuong-ngam-sa-tac,9.7,185,2022-03-11 10:45:11
Ân Ân,Ngon,10,Thành Mập - Chân Gà Rút Xương Ngâm Sả Tắc - Âu Cơ,https://www.foody.vn/ho-chi-minh/thanh-map-chan-ga-rut-xuong-ngam-sa-tac,9.7,185,2022-03-11 10:45:11
Ân Ân,Ngon,10,Thành Mập - Chân Gà Rút Xương Ngâm Sả Tắc - Âu Cơ,https://www.foody.vn/ho-chi-minh/thanh-map-chan-ga-rut-xuong-ngam-sa-tac,9.7,185,2022-03-11 10:45:11
Ân Ân,Ngon,10,Thành Mập - Chân Gà Rút Xương Ngâm Sả Tắc - Âu Cơ,https://www.foody.vn/ho-chi-minh/thanh-map-chan-ga-rut-xuong-ngam-sa-tac,9.7,185,2022-03-11 10:45:11
Ân Ân,Ngon,10,Thành Mập - Chân Gà Rút Xương Ngâm Sả Tắc - Âu Cơ,https://www.foody.vn/ho-chi-minh/thanh-map-chan-ga-rut-xuong-ngam-sa-tac,9.7,185,2022-03-11 10:45:11
Ân Ân,Ngon,10,Thành Mập - Chân Gà Rút Xương Ngâm Sả Tắc - Âu Cơ,https://www.foody.vn/ho-chi-minh/thanh-map-chan-ga-rut-xuong-ngam-sa-tac,9.7,185,2022-03-11 10:45:11
Ân Ân,Ngon,10,Thành Mập - Chân Gà Rút Xương Ngâm Sả Tắc - Âu Cơ,https://www.foody.vn/ho-chi-minh/thanh-map-chan-ga-rut-xuong-ngam-sa-tac,9.7,185,2022-03-11 10:45:11
Ân Ân,Ngon,10,Thành Mập - Chân Gà Rút Xương Ngâm Sả Tắc - Âu Cơ,https://www.foody.vn/ho-chi-minh/thanh-map-chan-ga-rut-xuong-ngam-sa-tac,9.7,185,2022-03-11 10:45:11
Ân Ân,Ngon,10,Thành Mập - Chân Gà Rút Xương Ngâm Sả Tắc - Âu Cơ,https://www.foody.vn/ho-chi-minh/thanh-map-chan-ga-rut-xuong-ngam-sa-tac,9.7,185,2022-03-11 10:45:11
Ân Ân,Ngon,10,Thành Mập - Chân Gà Rút Xương Ngâm Sả Tắc - Âu Cơ,https://www.foody.vn/ho-chi-minh/thanh-map-chan-ga-rut-xuong-ngam-sa-tac,9.7,185,2022-03-11 10:45:11
Ân Ân,Ngon,10,Thành Mập - Chân Gà Rút Xương Ngâm Sả Tắc - Âu Cơ,https://www.foody.vn/ho-chi-minh/thanh-map-chan-ga-rut-xuong-ngam-sa-tac,9.7,185,2022-03-11 10:45:11
Ân Ân,Ngon,10,Thành Mập - Chân Gà Rút Xương Ngâm Sả Tắc - Âu Cơ,https://www.foody.vn/ho-chi-minh/thanh-map-chan-ga-rut-xuong-ngam-sa-tac,9.7,185,2022-03-11 10:45:11
Uyển Quân,"Bánh ngon, ăn hoài không ngán",10,Bánh 9 Sạch - Bánh Sầu Riêng - Phạm Văn Chiêu,https://www.foody.vn/ho-chi-minh/banh-9-sach-banh-sau-rieng-pham-van-chieu,9.9,170,2022-03-11 10:45:53
Uyển Quân,"Bánh ngon, ăn hoài không ngán",10,Bánh 9 Sạch - Bánh Sầu Riêng - Phạm Văn Chiêu,https://www.foody.vn/ho-chi-minh/banh-9-sach-banh-sau-rieng-pham-van-chieu,9.9,170,2022-03-11 10:45:53
Uyển Quân,"Bánh ngon, ăn hoài không ngán",10,Bánh 9 Sạch - Bánh Sầu Riêng - Phạm Văn Chiêu,https://www.foody.vn/ho-chi-minh/banh-9-sach-banh-sau-rieng-pham-van-chieu,9.9,170,2022-03-11 10:45:53
Uyển Quân,"Bánh ngon, ăn hoài không ngán",10,Bánh 9 Sạch - Bánh Sầu Riêng - Phạm Văn Chiêu,https://www.foody.vn/ho-chi-minh/banh-9-sach-banh-sau-rieng-pham-van-chieu,9.9,170,2022-03-11 10:45:53
Uyển Quân,"Bánh ngon, ăn hoài không ngán",10,Bánh 9 Sạch - Bánh Sầu Riêng - Phạm Văn Chiêu,https://www.foody.vn/ho-chi-minh/banh-9-sach-banh-sau-rieng-pham-van-chieu,9.9,170,2022-03-11 10:45:53
Uyển Quân,"Bánh ngon, ăn hoài không ngán",10,Bánh 9 Sạch - Bánh Sầu Riêng - Phạm Văn Chiêu,https://www.foody.vn/ho-chi-minh/banh-9-sach-banh-sau-rieng-pham-van-chieu,9.9,170,2022-03-11 10:45:53
Uyển Quân,"Bánh ngon, ăn hoài không ngán",10,Bánh 9 Sạch - Bánh Sầu Riêng - Phạm Văn Chiêu,https://www.foody.vn/ho-chi-minh/banh-9-sach-banh-sau-rieng-pham-van-chieu,9.9,170,2022-03-11 10:45:53
Uyển Quân,"Bánh ngon, ăn hoài không ngán",10,Bánh 9 Sạch - Bánh Sầu Riêng - Phạm Văn Chiêu,https://www.foody.vn/ho-chi-minh/banh-9-sach-banh-sau-rieng-pham-van-chieu,9.9,170,2022-03-11 10:45:53
Uyển Quân,"Bánh ngon, ăn hoài không ngán",10,Bánh 9 Sạch - Bánh Sầu Riêng - Phạm Văn Chiêu,https://www.foody.vn/ho-chi-minh/banh-9-sach-banh-sau-rieng-pham-van-chieu,9.9,170,2022-03-11 10:45:53
Uyển Quân,"Bánh ngon, ăn hoài không ngán",10,Bánh 9 Sạch - Bánh Sầu Riêng - Phạm Văn Chiêu,https://www.foody.vn/ho-chi-minh/banh-9-sach-banh-sau-rieng-pham-van-chieu,9.9,170,2022-03-11 10:45:53
Uyển Quân,"Bánh ngon, ăn hoài không ngán",10,Bánh 9 Sạch - Bánh Sầu Riêng - Phạm Văn Chiêu,https://www.foody.vn/ho-chi-minh/banh-9-sach-banh-sau-rieng-pham-van-chieu,9.9,170,2022-03-11 10:45:53
Uyển Quân,"Bánh ngon, ăn hoài không ngán",10,Bánh 9 Sạch - Bánh Sầu Riêng - Phạm Văn Chiêu,https://www.foody.vn/ho-chi-minh/banh-9-sach-banh-sau-rieng-pham-van-chieu,9.9,170,2022-03-11 10:45:53
Uyển Quân,"Bánh ngon, ăn hoài không ngán",10,Bánh 9 Sạch - Bánh Sầu Riêng - Phạm Văn Chiêu,https://www.foody.vn/ho-chi-minh/banh-9-sach-banh-sau-rieng-pham-van-chieu,9.9,170,2022-03-11 10:45:53
Uyển Quân,"Bánh ngon, ăn hoài không ngán",10,Bánh 9 Sạch - Bánh Sầu Riêng - Phạm Văn Chiêu,https://www.foody.vn/ho-chi-minh/banh-9-sach-banh-sau-rieng-pham-van-chieu,9.9,170,2022-03-11 10:45:53
Uyển Quân,"Bánh ngon, ăn hoài không ngán",10,Bánh 9 Sạch - Bánh Sầu Riêng - Phạm Văn Chiêu,https://www.foody.vn/ho-chi-minh/banh-9-sach-banh-sau-rieng-pham-van-chieu,9.9,170,2022-03-11 10:45:53
Uyển Quân,"Bánh ngon, ăn hoài không ngán",10,Bánh 9 Sạch - Bánh Sầu Riêng - Phạm Văn Chiêu,https://www.foody.vn/ho-chi-minh/banh-9-sach-banh-sau-rieng-pham-van-chieu,9.9,170,2022-03-11 10:45:53
Uyển Quân,"Bánh ngon, ăn hoài không ngán",10,Bánh 9 Sạch - Bánh Sầu Riêng - Phạm Văn Chiêu,https://www.foody.vn/ho-chi-minh/banh-9-sach-banh-sau-rieng-pham-van-chieu,9.9,170,2022-03-11 10:45:53
Uyển Quân,"Bánh ngon, ăn hoài không ngán",10,Bánh 9 Sạch - Bánh Sầu Riêng - Phạm Văn Chiêu,https://www.foody.vn/ho-chi-minh/banh-9-sach-banh-sau-rieng-pham-van-chieu,9.9,170,2022-03-11 10:45:54
Uyển Quân,"Bánh ngon, ăn hoài không ngán",10,Bánh 9 Sạch - Bánh Sầu Riêng - Phạm Văn Chiêu,https://www.foody.vn/ho-chi-minh/banh-9-sach-banh-sau-rieng-pham-van-chieu,9.9,170,2022-03-11 10:45:54
Uyển Quân,"Bánh ngon, ăn hoài không ngán",10,Bánh 9 Sạch - Bánh Sầu Riêng - Phạm Văn Chiêu,https://www.foody.vn/ho-chi-minh/banh-9-sach-banh-sau-rieng-pham-van-chieu,9.9,170,2022-03-11 10:45:54
Uyển Quân,"Bánh ngon, ăn hoài không ngán",10,Bánh 9 Sạch - Bánh Sầu Riêng - Phạm Văn Chiêu,https://www.foody.vn/ho-chi-minh/banh-9-sach-banh-sau-rieng-pham-van-chieu,9.9,170,2022-03-11 10:45:54
Uyển Quân,"Bánh ngon, ăn hoài không ngán",10,Bánh 9 Sạch - Bánh Sầu Riêng - Phạm Văn Chiêu,https://www.foody.vn/ho-chi-minh/banh-9-sach-banh-sau-rieng-pham-van-chieu,9.9,170,2022-03-11 10:45:54
Uyển Quân,"Bánh ngon, ăn hoài không ngán",10,Bánh 9 Sạch - Bánh Sầu Riêng - Phạm Văn Chiêu,https://www.foody.vn/ho-chi-minh/banh-9-sach-banh-sau-rieng-pham-van-chieu,9.9,170,2022-03-11 10:45:54
Uyển Quân,"Bánh ngon, ăn hoài không ngán",10,Bánh 9 Sạch - Bánh Sầu Riêng - Phạm Văn Chiêu,https://www.foody.vn/ho-chi-minh/banh-9-sach-banh-sau-rieng-pham-van-chieu,9.9,170,2022-03-11 10:45:54
Uyển Quân,"Bánh ngon, ăn hoài không ngán",10,Bánh 9 Sạch - Bánh Sầu Riêng - Phạm Văn Chiêu,https://www.foody.vn/ho-chi-minh/banh-9-sach-banh-sau-rieng-pham-van-chieu,9.9,170,2022-03-11 10:45:54
Uyển Quân,"Bánh ngon, ăn hoài không ngán",10,Bánh 9 Sạch - Bánh Sầu Riêng - Phạm Văn Chiêu,https://www.foody.vn/ho-chi-minh/banh-9-sach-banh-sau-rieng-pham-van-chieu,9.9,170,2022-03-11 10:45:54
Uyển Quân,"Bánh ngon, ăn hoài không ngán",10,Bánh 9 Sạch - Bánh Sầu Riêng - Phạm Văn Chiêu,https://www.foody.vn/ho-chi-minh/banh-9-sach-banh-sau-rieng-pham-van-chieu,9.9,170,2022-03-11 10:45:54
Uyển Quân,"Bánh ngon, ăn hoài không ngán",10,Bánh 9 Sạch - Bánh Sầu Riêng - Phạm Văn Chiêu,https://www.foody.vn/ho-chi-minh/banh-9-sach-banh-sau-rieng-pham-van-chieu,9.9,170,2022-03-11 10:45:54
Uyển Quân,"Bánh ngon, ăn hoài không ngán",10,Bánh 9 Sạch - Bánh Sầu Riêng - Phạm Văn Chiêu,https://www.foody.vn/ho-chi-minh/banh-9-sach-banh-sau-rieng-pham-van-chieu,9.9,170,2022-03-11 10:45:54
Uyển Quân,"Bánh ngon, ăn hoài không ngán",10,Bánh 9 Sạch - Bánh Sầu Riêng - Phạm Văn Chiêu,https://www.foody.vn/ho-chi-minh/banh-9-sach-banh-sau-rieng-pham-van-chieu,9.9,170,2022-03-11 10:45:54
Uyển Quân,"Bánh ngon, ăn hoài không ngán",10,Bánh 9 Sạch - Bánh Sầu Riêng - Phạm Văn Chiêu,https://www.foody.vn/ho-chi-minh/banh-9-sach-banh-sau-rieng-pham-van-chieu,9.9,170,2022-03-11 10:45:54
Uyển Quân,"Bánh ngon, ăn hoài không ngán",10,Bánh 9 Sạch - Bánh Sầu Riêng - Phạm Văn Chiêu,https://www.foody.vn/ho-chi-minh/banh-9-sach-banh-sau-rieng-pham-van-chieu,9.9,170,2022-03-11 10:45:54
Uyển Quân,"Bánh ngon, ăn hoài không ngán",10,Bánh 9 Sạch - Bánh Sầu Riêng - Phạm Văn Chiêu,https://www.foody.vn/ho-chi-minh/banh-9-sach-banh-sau-rieng-pham-van-chieu,9.9,170,2022-03-11 10:45:54
Uyển Quân,"Bánh ngon, ăn hoài không ngán",10,Bánh 9 Sạch - Bánh Sầu Riêng - Phạm Văn Chiêu,https://www.foody.vn/ho-chi-minh/banh-9-sach-banh-sau-rieng-pham-van-chieu,9.9,170,2022-03-11 10:45:54
Uyển Quân,"Bánh ngon, ăn hoài không ngán",10,Bánh 9 Sạch - Bánh Sầu Riêng - Phạm Văn Chiêu,https://www.foody.vn/ho-chi-minh/banh-9-sach-banh-sau-rieng-pham-van-chieu,9.9,170,2022-03-11 10:45:54
Uyển Quân,"Bánh ngon, ăn hoài không ngán",10,Bánh 9 Sạch - Bánh Sầu Riêng - Phạm Văn Chiêu,https://www.foody.vn/ho-chi-minh/banh-9-sach-banh-sau-rieng-pham-van-chieu,9.9,170,2022-03-11 10:45:54
Uyển Quân,"Bánh ngon, ăn hoài không ngán",10,Bánh 9 Sạch - Bánh Sầu Riêng - Phạm Văn Chiêu,https://www.foody.vn/ho-chi-minh/banh-9-sach-banh-sau-rieng-pham-van-chieu,9.9,170,2022-03-11 10:45:54
Uyển Quân,"Bánh ngon, ăn hoài không ngán",10,Bánh 9 Sạch - Bánh Sầu Riêng - Phạm Văn Chiêu,https://www.foody.vn/ho-chi-minh/banh-9-sach-banh-sau-rieng-pham-van-chieu,9.9,170,2022-03-11 10:45:54
Uyển Quân,"Bánh ngon, ăn hoài không ngán",10,Bánh 9 Sạch - Bánh Sầu Riêng - Phạm Văn Chiêu,https://www.foody.vn/ho-chi-minh/banh-9-sach-banh-sau-rieng-pham-van-chieu,9.9,170,2022-03-11 10:45:54
Khang Phan,Cho mình xin sđt shop để đặt hàng với ạ,5.0,Bánh 9 Sạch - Bánh Sầu Riêng - Phạm Văn Chiêu,https://www.foody.vn/ho-chi-minh/banh-9-sach-banh-sau-rieng-pham-van-chieu,9.9,170,2022-03-11 10:45:54
Uyển Quân,"Bánh ngon, ăn hoài không ngán",10,Bánh 9 Sạch - Bánh Sầu Riêng - Phạm Văn Chiêu,https://www.foody.vn/ho-chi-minh/banh-9-sach-banh-sau-rieng-pham-van-chieu,9.9,170,2022-03-11 10:45:54
Uyển Quân,"Bánh ngon, ăn hoài không ngán",10,Bánh 9 Sạch - Bánh Sầu Riêng - Phạm Văn Chiêu,https://www.foody.vn/ho-chi-minh/banh-9-sach-banh-sau-rieng-pham-van-chieu,9.9,170,2022-03-11 10:45:54
Uyển Quân,"Bánh ngon, ăn hoài không ngán",10,Bánh 9 Sạch - Bánh Sầu Riêng - Phạm Văn Chiêu,https://www.foody.vn/ho-chi-minh/banh-9-sach-banh-sau-rieng-pham-van-chieu,9.9,170,2022-03-11 10:45:54
Uyển Quân,"Bánh ngon, ăn hoài không ngán",10,Bánh 9 Sạch - Bánh Sầu Riêng - Phạm Văn Chiêu,https://www.foody.vn/ho-chi-minh/banh-9-sach-banh-sau-rieng-pham-van-chieu,9.9,170,2022-03-11 10:45:54
Uyển Quân,"Bánh ngon, ăn hoài không ngán",10,Bánh 9 Sạch - Bánh Sầu Riêng - Phạm Văn Chiêu,https://www.foody.vn/ho-chi-minh/banh-9-sach-banh-sau-rieng-pham-van-chieu,9.9,170,2022-03-11 10:45:54
Uyển Quân,"Bánh ngon, ăn hoài không ngán",10,Bánh 9 Sạch - Bánh Sầu Riêng - Phạm Văn Chiêu,https://www.foody.vn/ho-chi-minh/banh-9-sach-banh-sau-rieng-pham-van-chieu,9.9,170,2022-03-11 10:45:54
Uyển Quân,"Bánh ngon, ăn hoài không ngán",10,Bánh 9 Sạch - Bánh Sầu Riêng - Phạm Văn Chiêu,https://www.foody.vn/ho-chi-minh/banh-9-sach-banh-sau-rieng-pham-van-chieu,9.9,170,2022-03-11 10:45:54
Uyển Quân,"Bánh ngon, ăn hoài không ngán",10,Bánh 9 Sạch - Bánh Sầu Riêng - Phạm Văn Chiêu,https://www.foody.vn/ho-chi-minh/banh-9-sach-banh-sau-rieng-pham-van-chieu,9.9,170,2022-03-11 10:45:54
Uyển Quân,"Bánh ngon, ăn hoài không ngán",10,Bánh 9 Sạch - Bánh Sầu Riêng - Phạm Văn Chiêu,https://www.foody.vn/ho-chi-minh/banh-9-sach-banh-sau-rieng-pham-van-chieu,9.9,170,2022-03-11 10:45:55
Uyển Quân,"Bánh ngon, ăn hoài không ngán",10,Bánh 9 Sạch - Bánh Sầu Riêng - Phạm Văn Chiêu,https://www.foody.vn/ho-chi-minh/banh-9-sach-banh-sau-rieng-pham-van-chieu,9.9,170,2022-03-11 10:45:55
Uyển Quân,"Bánh ngon, ăn hoài không ngán",10,Bánh 9 Sạch - Bánh Sầu Riêng - Phạm Văn Chiêu,https://www.foody.vn/ho-chi-minh/banh-9-sach-banh-sau-rieng-pham-van-chieu,9.9,170,2022-03-11 10:45:55
Uyển Quân,"Bánh ngon, ăn hoài không ngán",10,Bánh 9 Sạch - Bánh Sầu Riêng - Phạm Văn Chiêu,https://www.foody.vn/ho-chi-minh/banh-9-sach-banh-sau-rieng-pham-van-chieu,9.9,170,2022-03-11 10:45:55
Uyển Quân,"Bánh ngon, ăn hoài không ngán",10,Bánh 9 Sạch - Bánh Sầu Riêng - Phạm Văn Chiêu,https://www.foody.vn/ho-chi-minh/banh-9-sach-banh-sau-rieng-pham-van-chieu,9.9,170,2022-03-11 10:45:55
Uyển Quân,"Bánh ngon, ăn hoài không ngán",10,Bánh 9 Sạch - Bánh Sầu Riêng - Phạm Văn Chiêu,https://www.foody.vn/ho-chi-minh/banh-9-sach-banh-sau-rieng-pham-van-chieu,9.9,170,2022-03-11 10:45:55
Uyển Quân,"Khai trương chi nhánh Gò Vấp nha cả nhà, cám ơn mọi người đã ủng hộ quán",10,Bánh 9 Sạch - Bánh Sầu Riêng - Phạm Văn Chiêu,https://www.foody.vn/ho-chi-minh/banh-9-sach-banh-sau-rieng-pham-van-chieu,9.9,170,2022-03-11 10:45:55
Uyển Quân,"Khai trương chi nhánh Gò Vấp nha cả nhà, cám ơn mọi người đã ủng hộ quán",10,Bánh 9 Sạch - Bánh Sầu Riêng - Phạm Văn Chiêu,https://www.foody.vn/ho-chi-minh/banh-9-sach-banh-sau-rieng-pham-van-chieu,9.9,170,2022-03-11 10:45:55
Uyển Quân,"Khai trương chi nhánh Gò Vấp nha cả nhà, cám ơn mọi người đã ủng hộ quán",10,Bánh 9 Sạch - Bánh Sầu Riêng - Phạm Văn Chiêu,https://www.foody.vn/ho-chi-minh/banh-9-sach-banh-sau-rieng-pham-van-chieu,9.9,170,2022-03-11 10:45:55
Uyển Quân,"Khai trương chi nhánh Gò Vấp nha cả nhà, cám ơn mọi người đã ủng hộ quán",10,Bánh 9 Sạch - Bánh Sầu Riêng - Phạm Văn Chiêu,https://www.foody.vn/ho-chi-minh/banh-9-sach-banh-sau-rieng-pham-van-chieu,9.9,170,2022-03-11 10:45:55
Uyển Quân,"Khai trương chi nhánh Gò Vấp nha cả nhà, cám ơn mọi người đã ủng hộ quán",10,Bánh 9 Sạch - Bánh Sầu Riêng - Phạm Văn Chiêu,https://www.foody.vn/ho-chi-minh/banh-9-sach-banh-sau-rieng-pham-van-chieu,9.9,170,2022-03-11 10:45:55
Uyển Quân,"Khai trương chi nhánh Gò Vấp nha cả nhà, cám ơn mọi người đã ủng hộ quán",10,Bánh 9 Sạch - Bánh Sầu Riêng - Phạm Văn Chiêu,https://www.foody.vn/ho-chi-minh/banh-9-sach-banh-sau-rieng-pham-van-chieu,9.9,170,2022-03-11 10:45:55
Uyển Quân,"Khai trương chi nhánh Gò Vấp nha cả nhà, cám ơn mọi người đã ủng hộ quán",10,Bánh 9 Sạch - Bánh Sầu Riêng - Phạm Văn Chiêu,https://www.foody.vn/ho-chi-minh/banh-9-sach-banh-sau-rieng-pham-van-chieu,9.9,170,2022-03-11 10:45:55
Uyển Quân,"Khai trương chi nhánh Gò Vấp nha cả nhà, cám ơn mọi người đã ủng hộ quán",10,Bánh 9 Sạch - Bánh Sầu Riêng - Phạm Văn Chiêu,https://www.foody.vn/ho-chi-minh/banh-9-sach-banh-sau-rieng-pham-van-chieu,9.9,170,2022-03-11 10:45:55
Uyển Quân,"Khai trương chi nhánh Gò Vấp nha cả nhà, cám ơn mọi người đã ủng hộ quán",10,Bánh 9 Sạch - Bánh Sầu Riêng - Phạm Văn Chiêu,https://www.foody.vn/ho-chi-minh/banh-9-sach-banh-sau-rieng-pham-van-chieu,9.9,170,2022-03-11 10:45:55
Uyển Quân,"Khai trương chi nhánh Gò Vấp nha cả nhà, cám ơn mọi người đã ủng hộ quán",10,Bánh 9 Sạch - Bánh Sầu Riêng - Phạm Văn Chiêu,https://www.foody.vn/ho-chi-minh/banh-9-sach-banh-sau-rieng-pham-van-chieu,9.9,170,2022-03-11 10:45:55
Uyển Quân,"Khai trương chi nhánh Gò Vấp nha cả nhà, cám ơn mọi người đã ủng hộ quán",10,Bánh 9 Sạch - Bánh Sầu Riêng - Phạm Văn Chiêu,https://www.foody.vn/ho-chi-minh/banh-9-sach-banh-sau-rieng-pham-van-chieu,9.9,170,2022-03-11 10:45:56
Uyển Quân,"Khai trương chi nhánh Gò Vấp nha cả nhà, cám ơn mọi người đã ủng hộ quán",10,Bánh 9 Sạch - Bánh Sầu Riêng - Phạm Văn Chiêu,https://www.foody.vn/ho-chi-minh/banh-9-sach-banh-sau-rieng-pham-van-chieu,9.9,170,2022-03-11 10:45:56
Uyển Quân,"Khai trương chi nhánh Gò Vấp nha cả nhà, cám ơn mọi người đã ủng hộ quán",10,Bánh 9 Sạch - Bánh Sầu Riêng - Phạm Văn Chiêu,https://www.foody.vn/ho-chi-minh/banh-9-sach-banh-sau-rieng-pham-van-chieu,9.9,170,2022-03-11 10:45:56
Uyển Quân,"Khai trương chi nhánh Gò Vấp nha cả nhà, cám ơn mọi người đã ủng hộ quán",10,Bánh 9 Sạch - Bánh Sầu Riêng - Phạm Văn Chiêu,https://www.foody.vn/ho-chi-minh/banh-9-sach-banh-sau-rieng-pham-van-chieu,9.9,170,2022-03-11 10:45:56
Uyển Quân,"Khai trương chi nhánh Gò Vấp nha cả nhà, cám ơn mọi người đã ủng hộ quán",10,Bánh 9 Sạch - Bánh Sầu Riêng - Phạm Văn Chiêu,https://www.foody.vn/ho-chi-minh/banh-9-sach-banh-sau-rieng-pham-van-chieu,9.9,170,2022-03-11 10:45:56
Uyển Quân,"Khai trương chi nhánh Gò Vấp nha cả nhà, cám ơn mọi người đã ủng hộ quán",10,Bánh 9 Sạch - Bánh Sầu Riêng - Phạm Văn Chiêu,https://www.foody.vn/ho-chi-minh/banh-9-sach-banh-sau-rieng-pham-van-chieu,9.9,170,2022-03-11 10:45:56
Uyển Quân,"Khai trương chi nhánh Gò Vấp nha cả nhà, cám ơn mọi người đã ủng hộ quán",10,Bánh 9 Sạch - Bánh Sầu Riêng - Phạm Văn Chiêu,https://www.foody.vn/ho-chi-minh/banh-9-sach-banh-sau-rieng-pham-van-chieu,9.9,170,2022-03-11 10:45:56
Uyển Quân,"Khai trương chi nhánh Gò Vấp nha cả nhà, cám ơn mọi người đã ủng hộ quán",10,Bánh 9 Sạch - Bánh Sầu Riêng - Phạm Văn Chiêu,https://www.foody.vn/ho-chi-minh/banh-9-sach-banh-sau-rieng-pham-van-chieu,9.9,170,2022-03-11 10:45:56
Uyển Quân,"Khai trương chi nhánh Gò Vấp nha cả nhà, cám ơn mọi người đã ủng hộ quán",10,Bánh 9 Sạch - Bánh Sầu Riêng - Phạm Văn Chiêu,https://www.foody.vn/ho-chi-minh/banh-9-sach-banh-sau-rieng-pham-van-chieu,9.9,170,2022-03-11 10:45:56
Uyển Quân,"Khai trương chi nhánh Gò Vấp nha cả nhà, cám ơn mọi người đã ủng hộ quán",10,Bánh 9 Sạch - Bánh Sầu Riêng - Phạm Văn Chiêu,https://www.foody.vn/ho-chi-minh/banh-9-sach-banh-sau-rieng-pham-van-chieu,9.9,170,2022-03-11 10:45:56
Uyển Quân,"Khai trương chi nhánh Gò Vấp nha cả nhà, cám ơn mọi người đã ủng hộ quán",10,Bánh 9 Sạch - Bánh Sầu Riêng - Phạm Văn Chiêu,https://www.foody.vn/ho-chi-minh/banh-9-sach-banh-sau-rieng-pham-van-chieu,9.9,170,2022-03-11 10:45:56
Uyển Quân,"Khai trương chi nhánh Gò Vấp nha cả nhà, cám ơn mọi người đã ủng hộ quán",10,Bánh 9 Sạch - Bánh Sầu Riêng - Phạm Văn Chiêu,https://www.foody.vn/ho-chi-minh/banh-9-sach-banh-sau-rieng-pham-van-chieu,9.9,170,2022-03-11 10:45:56
Uyển Quân,"Khai trương chi nhánh Gò Vấp nha cả nhà, cám ơn mọi người đã ủng hộ quán",10,Bánh 9 Sạch - Bánh Sầu Riêng - Phạm Văn Chiêu,https://www.foody.vn/ho-chi-minh/banh-9-sach-banh-sau-rieng-pham-van-chieu,9.9,170,2022-03-11 10:45:56
Uyển Quân,"Khai trương chi nhánh Gò Vấp nha cả nhà, cám ơn mọi người đã ủng hộ quán",10,Bánh 9 Sạch - Bánh Sầu Riêng - Phạm Văn Chiêu,https://www.foody.vn/ho-chi-minh/banh-9-sach-banh-sau-rieng-pham-van-chieu,9.9,170,2022-03-11 10:45:56
Uyển Quân,"Khai trương chi nhánh Gò Vấp nha cả nhà, cám ơn mọi người đã ủng hộ quán",10,Bánh 9 Sạch - Bánh Sầu Riêng - Phạm Văn Chiêu,https://www.foody.vn/ho-chi-minh/banh-9-sach-banh-sau-rieng-pham-van-chieu,9.9,170,2022-03-11 10:45:56
Uyển Quân,"Khai trương chi nhánh Gò Vấp nha cả nhà, cám ơn mọi người đã ủng hộ quán",10,Bánh 9 Sạch - Bánh Sầu Riêng - Phạm Văn Chiêu,https://www.foody.vn/ho-chi-minh/banh-9-sach-banh-sau-rieng-pham-van-chieu,9.9,170,2022-03-11 10:45:56
Uyển Quân,"Khai trương chi nhánh Gò Vấp nha cả nhà, cám ơn mọi người đã ủng hộ quán",10,Bánh 9 Sạch - Bánh Sầu Riêng - Phạm Văn Chiêu,https://www.foody.vn/ho-chi-minh/banh-9-sach-banh-sau-rieng-pham-van-chieu,9.9,170,2022-03-11 10:45:56
Uyển Quân,"Khai trương chi nhánh Gò Vấp nha cả nhà, cám ơn mọi người đã ủng hộ quán",10,Bánh 9 Sạch - Bánh Sầu Riêng - Phạm Văn Chiêu,https://www.foody.vn/ho-chi-minh/banh-9-sach-banh-sau-rieng-pham-van-chieu,9.9,170,2022-03-11 10:45:56
Uyển Quân,"Khai trương chi nhánh Gò Vấp nha cả nhà, cám ơn mọi người đã ủng hộ quán",10,Bánh 9 Sạch - Bánh Sầu Riêng - Phạm Văn Chiêu,https://www.foody.vn/ho-chi-minh/banh-9-sach-banh-sau-rieng-pham-van-chieu,9.9,170,2022-03-11 10:45:56
Uyển Quân,"Khai trương chi nhánh Gò Vấp nha cả nhà, cám ơn mọi người đã ủng hộ quán",10,Bánh 9 Sạch - Bánh Sầu Riêng - Phạm Văn Chiêu,https://www.foody.vn/ho-chi-minh/banh-9-sach-banh-sau-rieng-pham-van-chieu,9.9,170,2022-03-11 10:45:56
Uyển Quân,"Khai trương chi nhánh Gò Vấp nha cả nhà, cám ơn mọi người đã ủng hộ quán",10,Bánh 9 Sạch - Bánh Sầu Riêng - Phạm Văn Chiêu,https://www.foody.vn/ho-chi-minh/banh-9-sach-banh-sau-rieng-pham-van-chieu,9.9,170,2022-03-11 10:45:56
Uyển Quân,"Khai trương chi nhánh Gò Vấp nha cả nhà, cám ơn mọi người đã ủng hộ quán",10,Bánh 9 Sạch - Bánh Sầu Riêng - Phạm Văn Chiêu,https://www.foody.vn/ho-chi-minh/banh-9-sach-banh-sau-rieng-pham-van-chieu,9.9,170,2022-03-11 10:45:56
Uyển Quân,"Khai trương chi nhánh Gò Vấp nha cả nhà, cám ơn mọi người đã ủng hộ quán",10,Bánh 9 Sạch - Bánh Sầu Riêng - Phạm Văn Chiêu,https://www.foody.vn/ho-chi-minh/banh-9-sach-banh-sau-rieng-pham-van-chieu,9.9,170,2022-03-11 10:45:56
Uyển Quân,"Khai trương chi nhánh Gò Vấp nha cả nhà, cám ơn mọi người đã ủng hộ quán",10,Bánh 9 Sạch - Bánh Sầu Riêng - Phạm Văn Chiêu,https://www.foody.vn/ho-chi-minh/banh-9-sach-banh-sau-rieng-pham-van-chieu,9.9,170,2022-03-11 10:45:56
Uyển Quân,"Khai trương chi nhánh Gò Vấp nha cả nhà, cám ơn mọi người đã ủng hộ quán",10,Bánh 9 Sạch - Bánh Sầu Riêng - Phạm Văn Chiêu,https://www.foody.vn/ho-chi-minh/banh-9-sach-banh-sau-rieng-pham-van-chieu,9.9,170,2022-03-11 10:45:56
Uyển Quân,"Khai trương chi nhánh Gò Vấp nha cả nhà, cám ơn mọi người đã ủng hộ quán",10,Bánh 9 Sạch - Bánh Sầu Riêng - Phạm Văn Chiêu,https://www.foody.vn/ho-chi-minh/banh-9-sach-banh-sau-rieng-pham-van-chieu,9.9,170,2022-03-11 10:45:56
Uyển Quân,"Khai trương chi nhánh Gò Vấp nha cả nhà, cám ơn mọi người đã ủng hộ quán",10,Bánh 9 Sạch - Bánh Sầu Riêng - Phạm Văn Chiêu,https://www.foody.vn/ho-chi-minh/banh-9-sach-banh-sau-rieng-pham-van-chieu,9.9,170,2022-03-11 10:45:56
Uyển Quân,"Khai trương chi nhánh Gò Vấp nha cả nhà, cám ơn mọi người đã ủng hộ quán",10,Bánh 9 Sạch - Bánh Sầu Riêng - Phạm Văn Chiêu,https://www.foody.vn/ho-chi-minh/banh-9-sach-banh-sau-rieng-pham-van-chieu,9.9,170,2022-03-11 10:45:56
Uyển Quân,"Khai trương chi nhánh Gò Vấp nha cả nhà, cám ơn mọi người đã ủng hộ quán",10,Bánh 9 Sạch - Bánh Sầu Riêng - Phạm Văn Chiêu,https://www.foody.vn/ho-chi-minh/banh-9-sach-banh-sau-rieng-pham-van-chieu,9.9,170,2022-03-11 10:45:56
Uyển Quân,"Khai trương chi nhánh Gò Vấp nha cả nhà, cám ơn mọi người đã ủng hộ quán",10,Bánh 9 Sạch - Bánh Sầu Riêng - Phạm Văn Chiêu,https://www.foody.vn/ho-chi-minh/banh-9-sach-banh-sau-rieng-pham-van-chieu,9.9,170,2022-03-11 10:45:56
Uyển Quân,"Khai trương chi nhánh Gò Vấp nha cả nhà, cám ơn mọi người đã ủng hộ quán",10,Bánh 9 Sạch - Bánh Sầu Riêng - Phạm Văn Chiêu,https://www.foody.vn/ho-chi-minh/banh-9-sach-banh-sau-rieng-pham-van-chieu,9.9,170,2022-03-11 10:45:56
Uyển Quân,"Khai trương chi nhánh Gò Vấp nha cả nhà, cám ơn mọi người đã ủng hộ quán",10,Bánh 9 Sạch - Bánh Sầu Riêng - Phạm Văn Chiêu,https://www.foody.vn/ho-chi-minh/banh-9-sach-banh-sau-rieng-pham-van-chieu,9.9,170,2022-03-11 10:45:57
Uyển Quân,"Khai trương chi nhánh Gò Vấp nha cả nhà, cám ơn mọi người đã ủng hộ quán",10,Bánh 9 Sạch - Bánh Sầu Riêng - Phạm Văn Chiêu,https://www.foody.vn/ho-chi-minh/banh-9-sach-banh-sau-rieng-pham-van-chieu,9.9,170,2022-03-11 10:45:57
Uyển Quân,"Khai trương chi nhánh Gò Vấp nha cả nhà, cám ơn mọi người đã ủng hộ quán",10,Bánh 9 Sạch - Bánh Sầu Riêng - Phạm Văn Chiêu,https://www.foody.vn/ho-chi-minh/banh-9-sach-banh-sau-rieng-pham-van-chieu,9.9,170,2022-03-11 10:45:57
Uyển Quân,"Khai trương chi nhánh Gò Vấp nha cả nhà, cám ơn mọi người đã ủng hộ quán",10,Bánh 9 Sạch - Bánh Sầu Riêng - Phạm Văn Chiêu,https://www.foody.vn/ho-chi-minh/banh-9-sach-banh-sau-rieng-pham-van-chieu,9.9,170,2022-03-11 10:45:57
Uyển Quân,"Khai trương chi nhánh Gò Vấp nha cả nhà, cám ơn mọi người đã ủng hộ quán",10,Bánh 9 Sạch - Bánh Sầu Riêng - Phạm Văn Chiêu,https://www.foody.vn/ho-chi-minh/banh-9-sach-banh-sau-rieng-pham-van-chieu,9.9,170,2022-03-11 10:45:57
